<?xml version="1.0"?>
<doc>
    <assembly>
        <name>DotNetOpenAuth.OAuth2.Client.UI</name>
    </assembly>
    <members>
        <member name="T:DotNetOpenAuth.OAuth2.ClientAuthorizationCompleteEventArgs">
            <summary>
            Describes the results of a completed authorization flow.
            </summary>
        </member>
        <member name="M:DotNetOpenAuth.OAuth2.ClientAuthorizationCompleteEventArgs.#ctor(DotNetOpenAuth.OAuth2.IAuthorizationState)">
            <summary>
            Initializes a new instance of the <see cref="T:DotNetOpenAuth.OAuth2.ClientAuthorizationCompleteEventArgs"/> class.
            </summary>
            <param name="authorization">The authorization.</param>
        </member>
        <member name="P:DotNetOpenAuth.OAuth2.ClientAuthorizationCompleteEventArgs.Authorization">
            <summary>
            Gets the authorization tracking object.
            </summary>
            <value>Null if authorization was rejected by the user.</value>
        </member>
        <member name="T:DotNetOpenAuth.OAuth2.ClientAuthorizationView">
            <summary>
            A WinForms control that hosts a mini-browser for hosting by native applications to
            allow the user to authorize the client without leaving the application.
            </summary>
        </member>
        <member name="M:DotNetOpenAuth.OAuth2.ClientAuthorizationView.#ctor">
            <summary>
            Initializes a new instance of the <see cref="T:DotNetOpenAuth.OAuth2.ClientAuthorizationView"/> class.
            </summary>
        </member>
        <member name="M:DotNetOpenAuth.OAuth2.ClientAuthorizationView.OnCompleted">
            <summary>
            Called when the authorization flow has been completed.
            </summary>
        </member>
        <member name="M:DotNetOpenAuth.OAuth2.ClientAuthorizationView.OnLoad(System.EventArgs)">
            <summary>
            Raises the <see cref="E:System.Windows.Forms.UserControl.Load"/> event.
            </summary>
            <param name="e">An <see cref="T:System.EventArgs"/> that contains the event data.</param>
        </member>
        <member name="M:DotNetOpenAuth.OAuth2.ClientAuthorizationView.SignificantlyEqual(System.Uri,System.Uri,System.UriComponents)">
            <summary>
            Tests whether two URLs are equal for purposes of detecting the conclusion of authorization.
            </summary>
            <param name="location1">The first location.</param>
            <param name="location2">The second location.</param>
            <param name="components">The components to compare.</param>
            <returns><c>true</c> if the given components are equal.</returns>
        </member>
        <member name="M:DotNetOpenAuth.OAuth2.ClientAuthorizationView.WebBrowser1_Navigating(System.Object,System.Windows.Forms.WebBrowserNavigatingEventArgs)">
            <summary>
            Handles the Navigating event of the webBrowser1 control.
            </summary>
            <param name="sender">The source of the event.</param>
            <param name="e">The <see cref="T:System.Windows.Forms.WebBrowserNavigatingEventArgs"/> instance containing the event data.</param>
        </member>
        <member name="M:DotNetOpenAuth.OAuth2.ClientAuthorizationView.ProcessLocationChanged(System.Uri)">
            <summary>
            Processes changes in the URL the browser has navigated to.
            </summary>
            <param name="location">The location.</param>
        </member>
        <member name="M:DotNetOpenAuth.OAuth2.ClientAuthorizationView.WebBrowser1_Navigated(System.Object,System.Windows.Forms.WebBrowserNavigatedEventArgs)">
            <summary>
            Handles the Navigated event of the webBrowser1 control.
            </summary>
            <param name="sender">The source of the event.</param>
            <param name="e">The <see cref="T:System.Windows.Forms.WebBrowserNavigatedEventArgs"/> instance containing the event data.</param>
        </member>
        <member name="M:DotNetOpenAuth.OAuth2.ClientAuthorizationView.WebBrowser1_LocationChanged(System.Object,System.EventArgs)">
            <summary>
            Handles the LocationChanged event of the webBrowser1 control.
            </summary>
            <param name="sender">The source of the event.</param>
            <param name="e">The <see cref="T:System.EventArgs"/> instance containing the event data.</param>
        </member>
        <member name="F:DotNetOpenAuth.OAuth2.ClientAuthorizationView.components">
            <summary> 
            Required designer variable.
            </summary>
        </member>
        <member name="M:DotNetOpenAuth.OAuth2.ClientAuthorizationView.Dispose(System.Boolean)">
            <summary> 
            Clean up any resources being used.
            </summary>
            <param name="disposing">true if managed resources should be disposed; otherwise, false.</param>
        </member>
        <member name="M:DotNetOpenAuth.OAuth2.ClientAuthorizationView.InitializeComponent">
            <summary> 
            Required method for Designer support - do not modify 
            the contents of this method with the code editor.
            </summary>
        </member>
        <member name="E:DotNetOpenAuth.OAuth2.ClientAuthorizationView.Completed">
            <summary>
            Occurs when the authorization flow has completed.
            </summary>
        </member>
        <member name="P:DotNetOpenAuth.OAuth2.ClientAuthorizationView.Authorization">
            <summary>
            Gets the authorization tracking object.
            </summary>
        </member>
        <member name="P:DotNetOpenAuth.OAuth2.ClientAuthorizationView.Client">
            <summary>
            Gets or sets the client used to coordinate the authorization flow.
            </summary>
        </member>
        <member name="P:DotNetOpenAuth.OAuth2.ClientAuthorizationView.Scope">
            <summary>
            Gets the set of scopes that describe the requested level of access.
            </summary>
        </member>
        <member name="P:DotNetOpenAuth.OAuth2.ClientAuthorizationView.Callback">
            <summary>
            Gets or sets the callback URL used to indicate the flow has completed.
            </summary>
        </member>
        <member name="P:DotNetOpenAuth.OAuth2.ClientAuthorizationView.IsCompleted">
            <summary>
            Gets a value indicating whether the authorization flow has been completed.
            </summary>
        </member>
        <member name="P:DotNetOpenAuth.OAuth2.ClientAuthorizationView.IsGranted">
            <summary>
            Gets a value indicating whether authorization has been granted.
            </summary>
            <value>Null if <see cref="P:DotNetOpenAuth.OAuth2.ClientAuthorizationView.IsCompleted"/> is <c>false</c></value>
        </member>
        <member name="P:DotNetOpenAuth.OAuth2.ClientAuthorizationView.IsRejected">
            <summary>
            Gets a value indicating whether authorization has been rejected.
            </summary>
            <value>Null if <see cref="P:DotNetOpenAuth.OAuth2.ClientAuthorizationView.IsCompleted"/> is <c>false</c></value>
        </member>
    </members>
</doc>
