<?xml version="1.0"?>
<doc>
    <assembly>
        <name>DotNetOpenAuth.OpenId.UI</name>
    </assembly>
    <members>
        <member name="T:DotNetOpenAuth.XrdsUrlLocations">
            <summary>
            The locations the YADIS protocol describes can contain a reference
            to an XRDS document.
            </summary>
        </member>
        <member name="F:DotNetOpenAuth.XrdsUrlLocations.None">
            <summary>
            The XRDS document should not be advertised anywhere.
            </summary>
            <remarks>
            When the XRDS document is not referenced from anywhere,
            the XRDS content is only available when 
            <see cref="P:DotNetOpenAuth.XrdsPublisher.XrdsAutoAnswer"/> is <c>true</c> 
            and the discovering client includes an 
            "Accept: application/xrds+xml" HTTP header.
            </remarks>
        </member>
        <member name="F:DotNetOpenAuth.XrdsUrlLocations.HttpHeader">
            <summary>
            Indicates XRDS document referencing from an HTTP protocol header (outside the HTML).
            </summary>
        </member>
        <member name="F:DotNetOpenAuth.XrdsUrlLocations.HtmlMeta">
            <summary>
            Indicates XRDS document referencing from within an HTML page's &lt;HEAD&gt; tag.
            </summary>
        </member>
        <member name="F:DotNetOpenAuth.XrdsUrlLocations.Both">
            <summary>
            Indicates XRDS document referencing in both HTTP headers and HTML HEAD tags.
            </summary>
        </member>
        <member name="T:DotNetOpenAuth.XrdsPublisher">
            <summary>
            An ASP.NET control that advertises an XRDS document and even responds to specially
            crafted requests to retrieve it.
            </summary>
        </member>
        <member name="F:DotNetOpenAuth.XrdsPublisher.XrdsUrlViewStateKey">
            <summary>
            The view state key to ues for storing the value of the <see cref="P:DotNetOpenAuth.XrdsPublisher.XrdsUrl"/> property.
            </summary>
        </member>
        <member name="F:DotNetOpenAuth.XrdsPublisher.XrdsAdvertisementDefault">
            <summary>
            The default value for the <see cref="P:DotNetOpenAuth.XrdsPublisher.XrdsAdvertisement"/> property.
            </summary>
        </member>
        <member name="F:DotNetOpenAuth.XrdsPublisher.XrdsAdvertisementViewStateKey">
            <summary>
            The view state key to ues for storing the value of the <see cref="P:DotNetOpenAuth.XrdsPublisher.XrdsAdvertisement"/> property.
            </summary>
        </member>
        <member name="F:DotNetOpenAuth.XrdsPublisher.XrdsAutoAnswerDefault">
            <summary>
            The default value for the <see cref="P:DotNetOpenAuth.XrdsPublisher.XrdsAutoAnswer"/> property.
            </summary>
        </member>
        <member name="F:DotNetOpenAuth.XrdsPublisher.XrdsAutoAnswerViewStateKey">
            <summary>
            The view state key to ues for storing the value of the <see cref="P:DotNetOpenAuth.XrdsPublisher.XrdsAutoAnswer"/> property.
            </summary>
        </member>
        <member name="F:DotNetOpenAuth.XrdsPublisher.EnabledDefault">
            <summary>
            The default value for the <see cref="P:DotNetOpenAuth.XrdsPublisher.Enabled"/> property.
            </summary>
        </member>
        <member name="F:DotNetOpenAuth.XrdsPublisher.EnabledViewStateKey">
            <summary>
            The view state key to ues for storing the value of the <see cref="P:DotNetOpenAuth.XrdsPublisher.Enabled"/> property.
            </summary>
        </member>
        <member name="M:DotNetOpenAuth.XrdsPublisher.#ctor">
            <summary>
            Initializes a new instance of the <see cref="T:DotNetOpenAuth.XrdsPublisher"/> class.
            </summary>
        </member>
        <member name="M:DotNetOpenAuth.XrdsPublisher.OnLoad(System.EventArgs)">
            <summary>
            Detects YADIS requests for the XRDS document and responds immediately
            if <see cref="P:DotNetOpenAuth.XrdsPublisher.XrdsAutoAnswer"/> is true.
            </summary>
            <param name="e">The <see cref="T:System.EventArgs"/> object that contains the event data.</param>
        </member>
        <member name="M:DotNetOpenAuth.XrdsPublisher.Render(System.Web.UI.HtmlTextWriter)">
            <summary>
            Renders the HTTP Header and/or HTML HEAD tags.
            </summary>
            <param name="writer">The <see cref="T:System.Web.UI.HtmlTextWriter"/> object that receives the server control content.</param>
        </member>
        <member name="P:DotNetOpenAuth.XrdsPublisher.XrdsUrl">
            <summary>
            Gets or sets the location of the XRDS document.
            </summary>
        </member>
        <member name="P:DotNetOpenAuth.XrdsPublisher.XrdsAdvertisement">
            <summary>
            Gets or sets where the XRDS document URL is advertised in the web response.
            </summary>
        </member>
        <member name="P:DotNetOpenAuth.XrdsPublisher.XrdsAutoAnswer">
            <summary>
            Gets or sets a value indicating whether a specially crafted YADIS 
            search for an XRDS document is immediately answered by this control.
            </summary>
        </member>
        <member name="P:DotNetOpenAuth.XrdsPublisher.Enabled">
            <summary>
            Gets or sets a value indicating whether the XRDS document is advertised.
            </summary>
        </member>
    </members>
</doc>
